object_id,mjd,passband,flux,flux_err,detected
13,59798.3205,2,-1.299735,1.357315,0
13,59798.3281,1,-2.095392,1.148654,0
13,59798.3357,3,-0.923794,1.763655,0
13,59798.3466,4,-4.009815,2.602911,0
13,59798.3576,5,-3.403503,5.367328,0
13,59801.3553,2,-1.778855,2.448943,0
13,59801.3629,1,2.491993,3.540421,0
13,59801.3705,3,1.644129,2.284999,0
13,59801.3815,4,-0.158192,2.515900,0
